{"Task G": [[-1654185.5967630122, -1654292.992897606, -1654331.600573715, -1654371.4517955792, -1654306.2057926583], [-1654328.086600436, -1654342.7735229088, -1654264.623183851, -1654293.703235406, -1654271.9483409584]], "Task H": [[-1654207.6560885643, -1654287.4913315992, -1654326.0122907404, -1654328.0885712076, -1654296.1604302838], [-1654328.309616646, -1654339.9300242157, -1654256.5638007775, -1654284.6878403341, -1654275.6480236275]]}