{"Task C": [[-2687954.8900781684, -2688001.9747422896, -2688027.9543756074, -2688103.9865629976, -2687935.7102939794], [-2687352.713768415, -2687721.4675955083, -2688104.087180699, -2688111.9754410186, -2688106.4787948877]], "Task D": [[-2687971.291677384, -2687999.5458458853, -2688054.078034609, -2688069.049425187, -2687921.4084891053], [-2687412.7499204706, -2687814.522662932, -2688093.620573935, -2688121.2037217747, -2688083.896685581]]}