{"Task A": [[-1273228.9664303502, -1273179.9318188103, -1273200.2086470134, -1273144.4291720835, -1272986.4866814148], [-1272995.1984422023, -1273183.505260928, -1273216.927977028, -1273261.5738701033, -1273250.7404146264]], "Task B": [[-1273196.161367644, -1273171.5456678004, -1273188.5556999939, -1273034.6151837625, -1273015.9587257588], [-1273070.0687523377, -1273197.7511900587, -1273237.7874427726, -1273244.0124713103, -1273233.5262654477]]}