{"Task I": [[0.0, 0.0, 0.0, 0.0, 0.0], [-1037596.253951238, -1039824.1212687751, -1040869.114020085, -1040775.4983935521, -1040840.0675767722]], "Task J": [[-1040883.6601752136, -1040825.3687079309, -1040637.948220619, -1034981.6742593474, -973321.0023711286], [-1040858.9255276303, -1040897.0752701627, -1040892.4126670914, -1040852.7046484969, -1040822.6481282467]]}