{"Task K": [[-1105263.0124152482, -1105283.149763768, -1105309.1777249116, -1105346.629216173, -1105529.666280149], [-1105294.4950529896, -1105305.0447223436, -1105337.3101442761, -1105351.527393865, -1106022.2534714364]], "Task L": [[-1105130.3721447967, -1105285.8535413425, -1105320.129475887, -1105377.8235019285, -1105486.2750204224], [-1105280.0882078414, -1105305.2886331787, -1105324.072697438, -1105375.1774563594, -1105999.3110256519]]}