{"Task E": [[-4044229.7627514466, -4044352.6519103674, -4044951.89275209, -4045617.592901217, -4045769.087058921], [-4041771.2236053688, -4041889.0861825184, -4043381.601625727, -4044488.5800167536, -4045300.5098936446]], "Task F": [[-4043953.9887532457, -4044403.022687516, -4045114.634462355, -4045792.018694544, -4045763.6910798266], [-4041733.4305702746, -4041881.473240884, -4043938.9510863037, -4044508.154858954, -4045296.8110725936]]}