{"Task G": [[196498.16061535172, 196498.2907463835, 196497.72453126096, 196496.22144201407, 196501.47811560254], [196495.59765923544, 196498.96538394058, 196498.28199263682, 196498.58039238566, 196501.58525608236]], "Task H": [[196498.71176524338, 196499.4991980451, 196497.88885801524, 196497.19687338208, 196501.57127580207], [196495.7497944848, 196499.3985487906, 196499.14514063965, 196498.45474917607, 196502.26800596734]]}