{"Task C": [[213333.20095852984, 213375.83989995622, 213381.80899264142, 213405.28491897733, 213445.72197691293], [213330.0913452655, 213332.7707055436, 213359.4960084919, 213372.63367121262, 213375.9450772292]], "Task D": [[213332.00786175532, 213375.71330783836, 213385.28875506337, 213404.1827290422, 213448.76876907135], [213330.5104654461, 213332.22030734806, 213361.5079243548, 213375.38096459396, 213375.71588601812]]}