{"Task A": [[169440.64647784183, 169442.5471025912, 169440.068378912, 169438.20961559366, 169437.26017288901], [169438.20603812655, 169438.29486507675, 169435.0051752673, 169435.37652251008, 169442.60784987456]], "Task B": [[169440.82400423172, 169442.68131885258, 169440.07079138173, 169437.98660904885, 169436.9246377354], [169438.02445502375, 169438.38452497724, 169435.82051422342, 169433.93426918524, 169442.99691633065]]}