{"Task I": [[0.0, 0.0, 0.0, 0.0, 0.0], [737146.4734613142, 741127.4249078853, 743605.8754857306, 745390.7943414061, 745526.0220460118]], "Task J": [[745454.6762897195, 745506.5850766524, 745272.37087396, 744741.9352350126, 739650.1271589407], [737054.3894190565, 741223.481111191, 743639.1339950317, 745381.6776402389, 745510.3498079847]]}