{"Task K": [[204219.94168580428, 204222.95408373268, 204222.95505264672, 204222.06986739812, 204219.54247971368], [204220.70189815242, 204221.2886716021, 204215.54767196483, 204220.21489168453, 204222.89097662718]], "Task L": [[204219.16467952423, 204222.66947249536, 204221.9964704459, 204222.12638193736, 204219.78833718022], [204219.76512806263, 204221.7423185709, 204215.8022357765, 204219.6426953622, 204222.58489289013]]}