{"Task E": [[209103.74397931414, 209107.87147727064, 209108.13166658956, 209104.17877942952, 209104.82294069594], [209104.15672377028, 209108.0244537341, 209107.7721472733, 209106.46208468435, 209103.89768374324]], "Task F": [[209104.19173663453, 209108.21091615263, 209108.31184202895, 209105.07839048054, 209104.86146716162], [209106.08689053054, 209108.55582829754, 209108.08390130286, 209107.1025402761, 209104.658471162]]}